10,testproject10,11,testtask-10-11,2016-12-26 10:30:10,2016-12-30 16:30:30
20,testproject20,20,testtask-20-20,2016-12-26 10:30:10,2016-12-30 16:30:30
20,testproject20,0,testtask-20-10,,
20,testproject20,0,testtask-20-30,,
20,testproject20,0,testtask-20-40,,
0,testproject05,0,,,
0,testproject-1,0,,,
0,testproject-11,0,,,
0,tt,0,,,
0,tt,0,starting and stopping tasks,2017-09-07 09:36:36,2017-09-07 12:05:11
0,tt,0,wiki,2017-09-08 01:19:09,2017-09-08 05:19:26
0,tt,0,wiki,2017-09-08 09:19:40,2017-09-08 13:20:20
0,tt,0,wiki,2017-09-08 17:22:19,2017-09-08 21:22:57
0,tt,0,wiki,2017-09-08 23:31:53,2017-09-09 01:32:10
0,tt,0,wiki,2017-09-09 03:49:45,2017-09-09 05:50:29
0,tt,0,wiki,2017-09-11 12:11:33,2017-09-11 14:57:20
0,tt,0,wiki,2017-09-11 14:58:18,2017-09-11 14:58:44
0,tt,0,wiki,2017-09-11 13:51:54,2017-09-11 13:52:31
0,tt,0,wiki,2017-09-11 13:54:25,2017-09-11 13:55:05
0,tt,0,wiki,2017-09-11 13:55:25,2017-09-11 13:55:44
0,tt,0,wiki,2017-09-11 14:02:59,2017-09-11 14:08:40
0,tt,0,wiki,2017-09-11 14:09:16,2017-09-11 14:13:21
0,tt,0,wiki,2017-09-11 14:14:04,2017-09-11 15:15:50
0,tt,0,wiki,2017-09-11 15:16:13,2017-09-11 15:19:56
0,tt,0,wiki,2017-09-11 15:20:17,2017-09-11 15:20:47
0,tt,0,wiki,2017-09-11 15:26:20,
